<?xml version="1.0" encoding="UTF-8"?>
<addOn>
  <identifier>e583a467-4a80-11e4-9553-005056977bd0</identifier>
  <displayType>Collection</displayType>
  <translatedDisplayType>
    <en_US>Collection</en_US>
    <ja_JP>コレクション</ja_JP>
    <ko_KR>컬렉션</ko_KR>
    <zh_CN>集合</zh_CN>
  </translatedDisplayType>
  <name>cbrewer : colorbrewer schemes for Matlab</name>
  <author>Charles</author>
  <version>1.1.0.0</version>
  <downloadUrl>https://www.mathworks.com/matlabcentral/mlc-downloads/downloads/submissions/34087/versions/2/download/zip?src=addons_ml_desktop_install&amp;profile_id=15130015&amp;license=40747540&amp;release_family=R2019b</downloadUrl>
  <licenseUrl>https://addons.mathworks.com/registry/v1/e583a467-4a80-11e4-9553-005056977bd0/1.1.0.0/-/license</licenseUrl>
  <previewImageUrl>https://www.mathworks.com/responsive_image/160/120/0/0/0/cache/matlabcentral/mlc-downloads/downloads/submissions/34087/versions/2/screenshot.jpg</previewImageUrl>
  <releaseNotesUrl>https://www.mathworks.com/add-ons/e583a467-4a80-11e4-9553-005056977bd0/55310874-0078-73a5-5eee-ca921a35ed6b/releaseNotes</releaseNotesUrl>
  <installationFolder>Collections</installationFolder>
</addOn>
